title,author,narrator,year_published,genre,engagement,age_min,age_max,listening_hours,series_name,series_order,description,listened
Percy Jackson and the Lightning Thief,Rick Riordan,Jesse Bernstein,2005,Fantasy,5,9,12,10,Percy Jackson,1,"Greek gods are real and Percy is one of their kids. Non-stop action from monster attacks to a cross-country quest.",
Harry Potter and the Sorcerer's Stone,J.K. Rowling,Jim Dale,1997,Fantasy,5,8,12,8.5,Harry Potter,1,"An orphaned boy discovers he's a wizard and enters a magical school full of secrets and danger.",
The Lion the Witch and the Wardrobe,C.S. Lewis,Kenneth Branagh,1950,Fantasy,4,8,12,4.5,The Chronicles of Narnia,1,"Four siblings find a magical world through a wardrobe and must defeat a witch who cursed it into eternal winter.",
The Land of Stories: The Wishing Spell,Chris Colfer,Chris Colfer,2012,Fantasy,5,8,12,9,The Land of Stories,1,"Twins fall into a book of fairy tales and must collect magical items to find their way home.",
Wings of Fire: The Dragonet Prophecy,Tui T. Sutherland,Shannon McManus,2012,Fantasy,5,8,12,8.5,Wings of Fire,1,"Five young dragons raised in captivity escape to fulfill a prophecy and end a brutal war.",
Fablehaven,Brandon Mull,E.B. Stevens,2006,Fantasy,5,9,12,10,Fablehaven,1,"Kendra and Seth discover their grandparents' estate is a secret preserve for magical creatures — some very dangerous.",
Nevermoor: The Trials of Morrigan Crow,Jessica Townsend,Gemma Whelan,2017,Fantasy,5,9,12,11,Nevermoor,1,"A cursed girl is rescued and brought to a magical city where she must pass deadly trials to earn her place.",
The Girl Who Drank the Moon,Kelly Barnhill,Christina Moore,2016,Fantasy,4,9,12,9,,,"A witch accidentally feeds a baby moonlight and must raise the most magically powerful child in the world.",
Tuck Everlasting,Natalie Babbitt,Peter Thomas,1975,Fantasy,3,9,12,3,,,"A girl discovers a family who drank from a spring granting immortality and must decide if eternal life is a gift or curse.",
The Phantom Tollbooth,Norton Juster,Milo Ventimiglia,1961,Fantasy,4,8,12,5,,,"Bored Milo drives through a magical tollbooth into a land where words and numbers are at war.",
The Hobbit,J.R.R. Tolkien,Rob Inglis,1937,Fantasy,4,9,12,11,,,"Bilbo Baggins is recruited by a wizard and thirteen dwarves for a dangerous quest to reclaim treasure from a dragon.",
Ella Enchanted,Gail Carson Levine,Eden Riegel,1997,Fantasy,4,8,12,5.5,,,"Ella is cursed with obedience — she must do whatever she's told. She sets off to break the curse.",
Dragon Rider,Cornelia Funke,Brendan Fraser,2004,Fantasy,4,8,12,10,Dragon Rider,1,"A young dragon a boy and a brownie travel the world searching for a legendary safe haven for dragonkind.",
The School for Good and Evil,Soman Chainani,Polly Lee,2013,Fantasy,5,9,12,14,The School for Good and Evil,1,"Best friends are kidnapped to a school where students train to become fairy tale heroes and villains — but they're in the wrong schools.",
Keeper of the Lost Cities,Shannon Messenger,Caitlin Kelly,2012,Fantasy,5,10,12,13,Keeper of the Lost Cities,1,"Sophie discovers she's an elf hidden in the human world and must navigate a magical civilization where she has extraordinary abilities.",
Artemis Fowl,Eoin Colfer,Nathaniel Parker,2001,Fantasy,5,9,12,7,Artemis Fowl,1,"A twelve-year-old criminal mastermind kidnaps a fairy and holds her for ransom — but the fairy world fights back.",
Charlie and the Chocolate Factory,Roald Dahl,Douglas Hodge,1964,Fantasy,5,7,10,3,,,"Poor Charlie wins a golden ticket to tour Willy Wonka's magical and dangerous chocolate factory.",
Matilda,Roald Dahl,Kate Winslet,1988,Fantasy,5,7,10,4,,,"A brilliant girl with awful parents discovers she has telekinetic powers and uses them against a tyrannical headmistress.",
James and the Giant Peach,Roald Dahl,Jeremy Irons,1961,Fantasy,4,7,10,2.5,,,"Orphaned James escapes his horrible aunts inside a magically giant peach that rolls into the ocean.",
The BFG,Roald Dahl,David Walliams,1982,Fantasy,4,7,10,4,,,"Sophie is snatched by a Big Friendly Giant who catches dreams — together they must stop the man-eating giants.",
The Witches,Roald Dahl,Miranda Richardson,1983,Fantasy,5,8,11,3.5,,,"A boy discovers that real witches look like ordinary women and are planning to turn all children into mice.",
Coraline,Neil Gaiman,Neil Gaiman,2002,Fantasy,5,9,12,3.5,,,"Coraline finds a door to a mirror world where everything seems better — but the Other Mother has buttons for eyes.",
The Graveyard Book,Neil Gaiman,Neil Gaiman,2008,Fantasy,4,9,12,7.5,,,"A boy raised by ghosts in a graveyard must eventually face the living man who killed his family.",
Gregor the Overlander,Suzanne Collins,Paul Boehmer,2003,Fantasy,5,8,12,7,The Underland Chronicles,1,"Gregor falls through a laundry room grate into a vast underground world of giant creatures and an ancient prophecy.",
The Spiderwick Chronicles: The Field Guide,Holly Black,Mark Hamill,2003,Fantasy,5,7,10,2,The Spiderwick Chronicles,1,"Three kids find a field guide to faeries — and suddenly the invisible magical world becomes visible and dangerous.",
Dealing with Dragons,Patricia C. Wrede,Full Cast Audio,1990,Fantasy,4,9,12,6,Enchanted Forest Chronicles,1,"Princess Cimorene is bored by princess lessons and volunteers to be a dragon's captive — then finds she likes it.",
Half Magic,Edward Eager,Full Cast Audio,1954,Fantasy,4,8,11,4.5,Tales of Magic,1,"Four children find a magic coin that grants exactly half of any wish — leading to hilarious and dangerous mishaps.",
Howl's Moving Castle,Diana Wynne Jones,Jenny Sterlin,1986,Fantasy,4,9,12,9,Howl's Moving Castle,1,"Sophie is turned into an old woman by a curse and moves into a wizard's walking castle to break it.",
Redwall,Brian Jacques,Brian Jacques,1986,Fantasy,4,9,12,11,Redwall,1,"Matthias the mouse must find Martin the Warrior's legendary sword to defend Redwall Abbey from an evil rat warlord.",
The Neverending Story,Michael Ende,Gerard Doyle,1979,Fantasy,4,9,12,10,,,"A boy reading a book about a magical land realizes the story is about him — and he must save both worlds.",
Amari and the Night Brothers,B.B. Alston,Imani Parks,2021,Fantasy,5,9,12,11,Supernatural Investigations,1,"Amari tries out for a secret supernatural agency and discovers she has forbidden magic in a world of dangerous creatures.",
Aru Shah and the End of Time,Roshani Chokshi,Soneela Nankani,2018,Fantasy,5,9,12,11,Pandava,1,"Aru accidentally awakens the Sleeper and must prove she's a reincarnated Pandava warrior from Hindu mythology.",
Tristan Strong Punches a Hole in the Sky,Kwame Mbalia,Amir Abdullah,2019,Fantasy,4,9,12,10,Tristan Strong,1,"Tristan opens a portal to a world where African American folk heroes battle a terrifying iron monster.",
Pages & Co.: Tilly and the Bookwanderers,Anna James,Aysha Kala,2018,Fantasy,4,8,12,7,Pages & Co.,1,"Tilly discovers she can walk into her favorite books — but someone is stealing characters from their stories.",
A Tale Dark and Grimm,Adam Gidwitz,Johnny Heller,2010,Fantasy,5,9,12,5.5,A Tale Dark and Grimm,1,"Hansel and Gretel walk out of their story into other Grimm tales — each more twisted than the last.",
Skandar and the Unicorn Thief,A.F. Steadman,David Dawson,2022,Fantasy,5,9,12,10,Skandar,1,"In a world where unicorns are wild and dangerous Skandar is chosen to bond with one and train at an elite school.",
Dragon Masters: Rise of the Earth Dragon,Tracey West,Sura Siu,2014,Fantasy,4,6,9,1,Dragon Masters,1,"Drake is chosen by a magical dragon stone and sent to train with a real dragon beneath the king's castle.",
The Worst Witch,Jill Murphy,Gemma Arterton,1974,Fantasy,3,7,10,2,The Worst Witch,1,"Mildred Hubble is the worst student at Miss Cackle's Academy for Witches — broomstick crashes and potion disasters.",
Tuesdays at the Castle,Jessica Day George,Jill Shellabarger,2011,Fantasy,4,8,12,8,Castle Glower,1,"Castle Glower grows new rooms on Tuesdays. When the king vanishes Princess Celie uses the castle's magic to save her family.",
The Miraculous Journey of Edward Tulane,Kate DiCamillo,Judith Ivey,2006,Fantasy,3,7,11,3,,,"An arrogant china rabbit is lost and passes from owner to owner slowly learning to love and be loved.",
Odd and the Frost Giants,Neil Gaiman,Neil Gaiman,2008,Fantasy,4,7,10,1.5,,,"A disabled Viking boy must outwit frost giants who have stolen Asgard from the Norse gods.",
Paola Santiago and the River of Tears,Tehlor Kay Mejia,Almarie Guerra,2020,Fantasy,4,9,12,9,Paola Santiago,1,"Paola discovers the monsters from Mexican folklore are terrifyingly real when her friend vanishes near the river.",
Inkheart,Cornelia Funke,Brendan Fraser,2003,Fantasy,4,10,12,15,Inkheart,1,"Meggie's father can read characters out of books into the real world — and accidentally read real people into books.",
Eragon,Christopher Paolini,Gerard Doyle,2003,Fantasy,4,10,12,16,The Inheritance Cycle,1,"A farm boy finds a dragon egg and becomes the last Dragon Rider hunted by an evil king.",
The Alcatraz Series: Alcatraz vs. the Evil Librarians,Brandon Sanderson,Ramon De Ocampo,2007,Fantasy,5,9,12,6.5,Alcatraz,1,"Alcatraz discovers his family has magical talents disguised as flaws — and that evil librarians secretly rule the world.",
The Book of Three,Lloyd Alexander,James Langton,1964,Fantasy,4,9,12,5,The Chronicles of Prydain,1,"Taran the pig-keeper joins a quest to stop the Horned King from using a magical cauldron to raise an army of the dead.",
The Thief of Always,Clive Barker,Chris Patton,1992,Fantasy,5,9,12,4,,,"A bored boy visits a magical holiday house where every day brings a new season — but the house has a terrible price.",
Savvy,Ingrid Law,Katherine Kellgren,2008,Fantasy,4,9,12,7,,,"On her thirteenth birthday Mibs expects to get her family's magical power — her savvy — but what arrives is not what anyone predicted.",
Magic Tree House: Dinosaurs Before Dark,Mary Pope Osborne,Mary Pope Osborne,1992,Fantasy,4,6,9,1,Magic Tree House,1,"Jack and Annie find a treehouse full of books that transports them through time. First stop: the age of dinosaurs.",
The Borrowers,Mary Norton,Samantha Bond,1952,Fantasy,3,7,10,4.5,The Borrowers,1,"Tiny people living under the floorboards borrow from the human family above — until they're discovered.",
The Mouse and the Motorcycle,Beverly Cleary,B.D. Wong,1965,Fantasy,4,7,10,2,Ralph Mouse,1,"A young mouse discovers he can ride a toy motorcycle and befriends the boy who owns it at a rundown hotel.",
Fortunately the Milk,Neil Gaiman,Neil Gaiman,2013,Humor,4,7,10,1.5,,,"Dad goes out for milk and gets abducted by aliens then rescued by a time-traveling stegosaurus in a hot-air balloon.",
Hatchet,Gary Paulsen,Peter Coyote,1987,Adventure,4,9,12,4,Brian's Saga,1,"Thirteen-year-old Brian survives a plane crash in the Canadian wilderness with nothing but a hatchet.",
My Side of the Mountain,Jean Craighead George,Michael Crouch,1959,Adventure,3,8,12,5,My Side of the Mountain,1,"Sam runs away from his crowded New York apartment to live alone in the Catskill Mountains.",
Island of the Blue Dolphins,Scott O'Dell,Tantoo Cardinal,1960,Adventure,3,9,12,4,,,"A girl is stranded alone on an island for years and must learn to survive and make peace with wild dogs.",
Treasure Island,Robert Louis Stevenson,Alfred Molina,1883,Adventure,4,9,12,7,,,"Jim Hawkins finds a pirate's treasure map and sets sail — but half the crew are mutinous pirates led by Long John Silver.",
Holes,Louis Sachar,Kerry Beyer,1998,Adventure,5,9,12,4.5,,,"Stanley is sent to a camp where boys dig holes all day in a dry lakebed — the warden is searching for something buried long ago.",
The City of Ember,Jeanne DuPrau,Wendy Dillon,2003,Adventure,5,9,12,7,The Books of Ember,1,"Two kids race to find a way out of their underground city before the lights go out forever.",
Stormbreaker,Anthony Horowitz,Oliver Chris,2000,Adventure,5,9,12,5.5,Alex Rider,1,"After his uncle's suspicious death fourteen-year-old Alex is recruited by MI6 as a teenage spy.",
Peak,Roland Smith,Ramon De Ocampo,2007,Adventure,4,10,12,7,,,"A teen climber is sent to Mount Everest by his absent father for the chance to be the youngest to summit.",
The Cay,Theodore Taylor,LeVar Burton,1969,Adventure,4,9,12,3.5,,,"A blind boy and an elderly West Indian man are stranded on a tiny Caribbean island during World War II.",
Julie of the Wolves,Jean Craighead George,Christina Moore,1972,Adventure,3,9,12,4,,,"A thirteen-year-old Inuit girl lost on the Alaskan tundra is adopted by a wolf pack.",
Abel's Island,William Steig,Peter Thomas,1976,Adventure,3,7,10,2.5,,,"A gentlemanly mouse is swept away by a storm and stranded on a river island where he must learn to survive.",
Where the Mountain Meets the Moon,Grace Lin,Janet Song,2009,Adventure,4,8,12,7,,,"Minli sets off to find the Old Man of the Moon and change her family's fortune meeting magical creatures along the way.",
Call of the Wild,Jack London,Jeff Daniels,1903,Adventure,4,10,12,3.5,,,"A domesticated dog is stolen and sold into the brutal life of an Alaskan sled dog during the gold rush.",
The Swiss Family Robinson,Johann David Wyss,Michael Page,1812,Adventure,3,9,12,12,,,"A shipwrecked family builds an elaborate life on a tropical island using their wits and whatever they salvaged.",
The One and Only Ivan,Katherine Applegate,Adam Grupper,2012,Animal Stories,3,8,11,3.5,,,"A silverback gorilla living in a mall reimagines his life and fights for freedom through the power of art.",
Charlotte's Web,E.B. White,Meryl Streep,1952,Animal Stories,3,7,10,3.5,,,"A pig named Wilbur is saved from slaughter by a clever spider who weaves words into her web.",
The Cricket in Times Square,George Selden,Tony Shalhoub,1960,Animal Stories,3,7,10,3,,,"A cricket from Connecticut ends up in a Times Square subway station and befriends a boy a cat and a mouse.",
Mrs. Frisby and the Rats of NIMH,Robert C. O'Brien,Barbara Caruso,1971,Animal Stories,4,8,12,5,,,"A field mouse seeks help from super-intelligent rats who escaped a laboratory to save her sick son.",
The Trumpet of the Swan,E.B. White,Meryl Streep,1970,Animal Stories,3,7,10,4.5,,,"A trumpeter swan born without a voice learns to play a trumpet to win the heart of his beloved.",
Stuart Little,E.B. White,Julie Harris,1945,Animal Stories,3,7,10,2.5,,,"A mouse-sized boy born to a human family in New York has adventures while searching for his lost bird friend.",
The Wild Robot,Peter Brown,Kate Atwater,2016,Animal Stories,4,8,12,3.5,The Wild Robot,1,"A robot washes ashore on a wild island and must learn from animals to survive — then accidentally adopts a baby goose.",
Warriors: Into the Wild,Erin Hunter,MacLeod Andrews,2003,Animal Stories,5,8,12,8,Warriors,1,"A house cat joins a clan of wild cats in the forest and discovers territory wars prophecies and dangerous secrets.",
The Tale of Despereaux,Kate DiCamillo,Graeme Malcolm,2003,Animal Stories,4,7,10,3.5,,,"A tiny mouse falls in love with a human princess and descends into the dungeon to save her.",
Pax,Sara Pennypacker,Michael Curran-Dorsano,2016,Animal Stories,3,9,12,5,,,"A boy and his pet fox are separated when the boy's father leaves for war — both journey to find each other again.",
Because of Winn-Dixie,Kate DiCamillo,Cherry Jones,2000,Animal Stories,3,7,10,3.5,,,"A lonely girl adopts a scruffy dog and the two of them make friends all over their small Florida town.",
The Incredible Journey,Sheila Burnford,Megan Follows,1961,Animal Stories,3,8,12,4,,,"Two dogs and a cat travel 300 miles across the Canadian wilderness to find their family.",
Shiloh,Phyllis Reynolds Naylor,Peter MacNicol,1991,Animal Stories,3,8,11,3,,,"Marty finds an abused beagle and hides it from its cruel owner determined to save the dog no matter the cost.",
Black Beauty,Anna Sewell,Wanda McCaddon,1877,Animal Stories,3,8,12,6,,,"A horse tells his own story from a life of kindness through years of cruelty and back to peace.",
Where the Red Fern Grows,Wilson Rawls,Anthony Heald,1961,Animal Stories,3,9,12,6,,,"A boy in the Ozarks saves up to buy two coonhounds and trains them into champion hunters — a story of devotion and heartbreaking loss.",
Watership Down,Richard Adams,Ralph Cosham,1972,Animal Stories,4,10,12,16,,,"A group of rabbits flee their doomed warren and journey across the English countryside facing predators and tyranny.",
Poppy,Avi,uncredited,1995,Animal Stories,3,7,10,3,Poppy,1,"A deer mouse must face the terrifying owl Mr. Ocax who claims to protect the mice but has his own agenda.",
Bunnicula: A Rabbit-Tale of Mystery,Deborah Howe,Victor Garber,1979,Humor,4,7,10,2,Bunnicula,1,"The Monroe family finds a bunny at a Dracula movie. Harold the dog narrates as Chester the cat becomes convinced the rabbit is a vampire.",
Beezus and Ramona,Beverly Cleary,Stockard Channing,1955,Realistic Fiction,3,7,10,2,Ramona,1,"Nine-year-old Beezus tries to be patient with her exasperating little sister Ramona who has a genius for chaos.",
Henry Huggins,Beverly Cleary,Neil Patrick Harris,1950,Realistic Fiction,3,7,10,3,Henry Huggins,1,"Henry's ordinary life gets interesting when he adopts a stray dog named Ribsy on the bus ride home.",
Wonder,R.J. Palacio,Diana Steele,2012,Realistic Fiction,4,8,12,8,,,"Auggie was born with severe facial differences and attends school for the first time in fifth grade.",
Frindle,Andrew Clements,Keith Nobbs,1996,Realistic Fiction,4,8,11,2,,,"Nick invents a new word for pen — frindle — and it takes on a life of its own spreading far beyond his classroom.",
Bridge to Terabithia,Katherine Paterson,Robert Sean Leonard,1977,Realistic Fiction,3,9,12,3.5,,,"Jess and Leslie create an imaginary kingdom in the woods — until a tragedy forces Jess to find meaning in loss.",
From the Mixed-Up Files of Mrs. Basil E. Frankweiler,E.L. Konigsburg,Jan Miner,1967,Realistic Fiction,4,8,12,3.5,,,"Claudia and her brother run away from home and hide in the Metropolitan Museum of Art where they solve an art mystery.",
Dear Mr. Henshaw,Beverly Cleary,Neil Patrick Harris,1983,Realistic Fiction,3,8,11,2,,,"Leigh writes letters to his favorite author and works through his parents' divorce and loneliness.",
Maniac Magee,Jerry Spinelli,S. Epatha Merkerson,1990,Realistic Fiction,4,9,12,3,,,"A homeless orphan becomes a legend in a racially divided town — untying knots and outrunning dogs.",
Walk Two Moons,Sharon Creech,Kate Harper,1994,Realistic Fiction,4,10,12,6.5,,,"Sal takes a road trip with her grandparents retracing her mother's route and uncovering truths she wasn't ready for.",
The Penderwicks,Jeanne Birdsall,Susan Denaker,2005,Realistic Fiction,3,8,12,7,The Penderwicks,1,"Four sisters and their father rent a cottage next to a grand estate for the summer — adventures and crushes follow.",
Clementine,Sara Pennypacker,Jessica Almasy,2006,Realistic Fiction,3,7,10,2,Clementine,1,"Clementine means well but her big ideas keep landing her in the principal's office.",
Ivy + Bean,Annie Barrows,Cassandra Morris,2006,Realistic Fiction,4,6,9,1,Ivy + Bean,1,"Ivy is quiet and Bean is wild. Together they're unstoppable.",
The Lemonade War,Jacqueline Davies,Stina Nielsen,2007,Realistic Fiction,4,8,11,3,The Lemonade War,1,"Brother and sister compete in a lemonade war — whoever earns more money in the last week of summer wins.",
The Vanderbeekers of 141st Street,Karina Yan Glaser,Ellen Grafton,2017,Realistic Fiction,3,8,12,7,The Vanderbeekers,1,"Five siblings have eleven days to change their grumpy landlord's mind before he kicks them out of their brownstone.",
A Long Walk to Water,Linda Sue Park,David Baker,2010,Realistic Fiction,4,9,12,2,,,"Two stories set in Sudan: a boy in 1985 walks for survival in civil war and a girl in 2008 walks hours for water.",
Out of My Mind,Sharon M. Draper,Sisi Aisha Johnson,2010,Realistic Fiction,4,9,12,6,,,"Melody has cerebral palsy and a photographic memory but everyone assumes she can't think — until she gets a device that lets her speak.",
The Crossover,Kwame Alexander,Corey Allen,2014,Realistic Fiction,4,9,12,1.5,,,"Twin brothers and basketball stars navigate rivalry and their father's failing health — told in verse.",
Restart,Gordon Korman,Jonathan Todd Ross,2017,Realistic Fiction,4,9,12,5,,,"The biggest bully in school falls off a roof loses his memories and gets a second chance.",
Ghost,Jason Reynolds,Guy Lockard,2016,Realistic Fiction,4,9,12,3.5,Track,1,"A kid who can run fast enough to escape anything joins a track team but can't outrun his past.",
Counting by 7s,Holly Goldberg Sloan,Tavia Gilbert,2013,Realistic Fiction,3,9,12,8,,,"Twelve-year-old genius Willow loses her parents and rebuilds her life with an unlikely new family.",
Love That Dog,Sharon Creech,Scott Brick,2001,Realistic Fiction,3,8,11,1,,,"Jack hates poetry until his teacher helps him write about the dog he loved and lost. Told entirely in poems.",
Front Desk,Kelly Yang,Mimi Chang,2018,Realistic Fiction,4,9,12,7,,,"Mia Tang works her family's motel front desk juggles school and secretly helps immigrants.",
Merci Suarez Changes Gears,Meg Medina,Frankie Corzo,2018,Realistic Fiction,3,9,12,7,,,"Merci navigates sixth grade at a private school while her grandfather's memory slips away.",
The Year of Billy Miller,Kevin Henkes,Dan Bittner,2013,Realistic Fiction,2,7,10,3,,,"Billy starts second grade worried about a summer bump on his head — the year has its own surprises.",
Rules,Cynthia Lord,Jessica Almasy,2006,Realistic Fiction,3,8,12,4,,,"Catherine makes rules for her autistic brother and wishes for a normal life — then meets someone who changes her perspective.",
Rain Reign,Ann M. Martin,Laura Hamilton,2014,Realistic Fiction,3,9,12,4,,,"Rose has autism and is obsessed with homonyms. When her dog goes missing in a storm she must navigate a confusing world.",
Save Me a Seat,Sarah Weeks,Gita Varadarajan,2016,Realistic Fiction,4,8,11,4,,,"Joe and Ravi share a problem — the class bully. Told from alternating perspectives as they find unlikely friendship.",
Wish,Barbara O'Connor,Ginny Winn,2016,Realistic Fiction,3,8,11,4,,,"Charlie is sent to live with relatives in the Blue Ridge Mountains and starts wishing for the dog she finds and the family she needs.",
The Hundred Dresses,Eleanor Estes,uncredited,1944,Realistic Fiction,3,7,10,1,,,"Wanda claims to have a hundred dresses at home. Her classmates mock her — and later wish they hadn't.",
Hound Dog True,Linda Urban,Suzanne Toren,2011,Realistic Fiction,2,8,11,3,,,"Mattie is painfully shy and dreading fifth grade. She plans to assist the janitor all year to avoid making friends.",
Brown Girl Dreaming,Jacqueline Woodson,Jacqueline Woodson,2014,Realistic Fiction,2,9,12,3.5,,,"Jacqueline Woodson's memoir in verse about growing up Black in the 1960s and 70s.",
The Thing About Jellyfish,Ali Benjamin,Emily Rankin,2015,Realistic Fiction,3,9,12,5,,,"After her friend drowns Suzy is convinced it was a rare jellyfish sting — because the alternative is too painful.",
Smile,Raina Telgemeier,uncredited,2010,Realistic Fiction,3,8,12,2,,,"Raina knocks out her front teeth in sixth grade — years of dental drama and middle school awkwardness follow.",
Esperanza Rising,Pam Munoz Ryan,Trini Alvarado,2000,Historical Fiction,4,9,12,5,,,"Esperanza loses her privileged life in Mexico and must adapt as a farm worker in Depression-era California.",
The War That Saved My Life,Kimberly Brubaker Bradley,Jayne Entwistle,2015,Historical Fiction,4,9,12,8,,,"A disabled girl escapes her abusive mother during the London Blitz evacuation and discovers what it means to be cared for.",
Bud Not Buddy,Christopher Paul Curtis,James Avery,1999,Historical Fiction,4,9,12,5,,,"A ten-year-old orphan during the Depression sets out to find the man he believes is his father — a jazz bandleader.",
Number the Stars,Lois Lowry,Blair Brown,1989,Historical Fiction,4,9,12,3,,,"Ten-year-old Annemarie helps smuggle her Jewish best friend out of Nazi-occupied Denmark.",
Refugee,Alan Gratz,Michael Goldstrom,2017,Historical Fiction,5,9,12,7.5,,,"Three kids in three eras — 1930s Germany 1990s Cuba 2010s Syria — flee their homes seeking safety.",
The Watsons Go to Birmingham — 1963,Christopher Paul Curtis,LeVar Burton,1995,Historical Fiction,4,9,12,5,,,"The Watson family drives from Michigan to Alabama in 1963 — and arrives just in time for a devastating church bombing.",
Roll of Thunder Hear My Cry,Mildred D. Taylor,Lynne Thigpen,1976,Historical Fiction,4,10,12,7,,,"The Logan family fights to keep their land and dignity in Depression-era Mississippi amid violent racism.",
Sarah Plain and Tall,Patricia MacLachlan,Glenn Close,1985,Historical Fiction,2,7,10,1,,,"A mail-order bride from Maine comes to the prairie to meet a widowed farmer and his two children.",
Fever 1793,Laurie Halse Anderson,Emily Bergl,2000,Historical Fiction,4,9,12,5.5,,,"Fourteen-year-old Mattie fights to survive when yellow fever devastates Philadelphia.",
Little House in the Big Woods,Laura Ingalls Wilder,Cherry Jones,1932,Historical Fiction,2,7,10,3,Little House,1,"Laura and her family live in a log cabin in Wisconsin making maple sugar and surviving harsh winters.",
Stella by Starlight,Sharon M. Draper,Heather Alicia Simms,2015,Historical Fiction,4,9,12,6,,,"In 1932 North Carolina Stella witnesses the KKK and finds the courage to use her voice.",
The Evolution of Calpurnia Tate,Jacqueline Kelly,Natalie Ross,2009,Historical Fiction,3,9,12,7,,,"In 1899 Texas Calpurnia studies the natural world with her grandfather questioning why girls are expected to sew instead of think.",
I Survived the Sinking of the Titanic 1912,Lauren Tarshis,Scott Dawson,2010,Historical Fiction,5,7,10,2,I Survived,1,"Ten-year-old George is aboard the Titanic when it hits an iceberg and must fight to survive.",
Chains,Laurie Halse Anderson,Madisun Leigh,2008,Historical Fiction,4,10,12,8,Seeds of America,1,"Isabel is enslaved in Revolutionary War New York and must choose between the British and Patriots.",
Inside Out and Back Again,Thanhha Lai,Kim Mai Guest,2011,Historical Fiction,3,9,12,3,,,"A Vietnamese girl flees Saigon in 1975 and struggles to adapt to life in Alabama.",
One Crazy Summer,Rita Williams-Garcia,Sisi Aisha Johnson,2010,Historical Fiction,4,9,12,4.5,,,"Three sisters spend 1968 in Oakland with the mother who abandoned them — a poet involved with the Black Panthers.",
Echo,Pam Munoz Ryan,Mark Bramhall,2015,Historical Fiction,4,9,12,12,,,"A magical harmonica connects three children across time — Germany 1933 Pennsylvania in the Depression and wartime California.",
Wolf Hollow,Lauren Wolk,Emily Rankin,2016,Historical Fiction,4,9,12,7,,,"In 1943 Annabelle stands up to a menacing girl and protects a WWI veteran wrongly accused of a crime.",
Elijah of Buxton,Christopher Paul Curtis,Mirron Willis,2007,Historical Fiction,4,9,12,8,,,"The first free-born child in a settlement of former slaves in Canada stumbles into a dangerous adventure.",
The Boy in the Striped Pajamas,John Boyne,Michael Maloney,2006,Historical Fiction,4,10,12,5,,,"Bruno's family moves near a camp where people wear striped pajamas. He befriends a boy on the other side of the fence.",
Code Talker,Joseph Bruchac,Derrick Spiva Jr.,2005,Historical Fiction,4,10,12,6,,,"A Navajo boy's forbidden language becomes an unbreakable code in World War II.",
Bomb: The Race to Build — and Steal — the World's Most Dangerous Weapon,Steve Sheinkin,Roy Dotrice,2012,Historical Fiction,5,10,12,7,,,"The true story of the atomic bomb told as a thriller — scientists spies and soldiers racing against time.",
Lyddie,Katherine Paterson,Alyssa Bresnahan,1991,Historical Fiction,3,10,12,6,,,"A Vermont farm girl works in the Lowell mills in the 1840s fighting for better conditions.",
The Diary of a Young Girl,Anne Frank,Selma Blair,1947,Historical Fiction,3,10,12,9,,,"Anne Frank's real diary from two years hiding in an Amsterdam attic during the Nazi occupation.",
The War I Finally Won,Kimberly Brubaker Bradley,Jayne Entwistle,2017,Historical Fiction,4,9,12,8,,,"Ada continues to heal from her abusive past while England faces the worst days of World War II.",
The Magic Misfits,Neil Patrick Harris,Neil Patrick Harris,2017,Mystery,4,8,11,5,The Magic Misfits,1,"A young magician escapes his crooked uncle and finds friends in a town where a shady carnival has dark secrets.",
The Mysterious Benedict Society,Trenton Lee Stewart,Del Roy,2007,Mystery,5,9,12,13,The Mysterious Benedict Society,1,"Four gifted children pass mind-bending tests and go undercover to infiltrate a school run by a mad genius.",
The 39 Clues: The Maze of Bones,Rick Riordan,David Pittu,2008,Mystery,5,9,12,5.5,The 39 Clues,1,"Siblings enter a global treasure hunt against their dangerous relatives to find the secret behind their family's power.",
Enola Holmes: The Case of the Missing Marquess,Nancy Springer,Katherine Kellgren,2006,Mystery,4,9,12,5.5,Enola Holmes,1,"Sherlock Holmes's fourteen-year-old sister runs away to London to find her missing mother.",
The Westing Game,Ellen Raskin,Keith Nobbs,1978,Mystery,5,10,12,6,,,"Sixteen heirs are paired up and given clues to find who murdered millionaire Sam Westing.",
Harriet the Spy,Louise Fitzhugh,Anne Bobby,1964,Mystery,3,8,12,6,,,"Harriet keeps a notebook full of brutally honest observations — until her classmates find it.",
Sammy Keyes and the Hotel Thief,Wendelin Van Draanen,Tara Sands,1998,Mystery,4,9,12,4.5,Sammy Keyes,1,"Sammy spots a thief through binoculars from her grandmother's illegal apartment and can't resist investigating.",
The London Eye Mystery,Siobhan Dowd,Jason Forbes,2007,Mystery,4,9,12,5.5,,,"Ted's cousin vanishes on the London Eye ferris wheel. Ted whose brain works differently must solve the puzzle.",
Escape from Mr. Lemoncello's Library,Chris Grabenstein,Jesse Bernstein,2013,Mystery,5,8,12,6,Mr. Lemoncello's Library,1,"A famous game maker builds the world's best library and locks twelve kids inside for a puzzle-filled competition.",
The Name of This Book Is Secret,Pseudonymous Bosch,Eric Meyers,2007,Mystery,4,8,12,5,Secret,1,"Cass and Max-Ernest investigate a dead magician's secrets and discover an evil organization seeking immortality.",
Nate the Great,Marjorie Weinman Sharmat,John Lavelle,1972,Mystery,3,6,8,0.5,Nate the Great,1,"Nate is a boy detective who solves neighborhood mysteries with his dog Sludge.",
Cam Jansen: The Mystery of the Stolen Diamonds,David A. Adler,Christina Moore,1980,Mystery,3,6,9,0.5,Cam Jansen,1,"Cam uses her photographic memory to solve mysteries — starting with a jewelry store robbery.",
Encyclopedia Brown: Boy Detective,Donald J. Sobol,Greg Steinbruner,1963,Mystery,3,7,10,2,Encyclopedia Brown,1,"Ten-year-old Leroy uses his encyclopedic knowledge to solve neighborhood cases at twenty-five cents each.",
Chasing Vermeer,Blue Balliett,S. Epatha Merkerson,2004,Mystery,4,9,12,5,,,"Two kids use pentominoes to track down a stolen Vermeer painting and uncover a conspiracy.",
The Parker Inheritance,Varian Johnson,Robin Miles,2018,Mystery,4,9,12,7,,,"Candice finds clues to a treasure hidden decades ago and uncovers her town's ugly history.",
Winterhouse,Ben Guterson,Caitlin Kelly,2018,Mystery,4,9,12,8,Winterhouse,1,"Elizabeth is sent to a mysterious hotel and discovers puzzles magic and a dark secret involving an enchanted book.",
Theodore Boone: Kid Lawyer,John Grisham,Richard Thomas,2010,Mystery,4,9,12,4.5,Theodore Boone,1,"Thirteen-year-old Theo knows more about law than most adults and gets pulled into a murder trial.",
Nancy Drew: The Secret of the Old Clock,Carolyn Keene,Laura Linney,1930,Mystery,4,8,12,3.5,Nancy Drew,1,"Teenage detective Nancy Drew investigates a hidden will and crosses paths with schemers.",
The Boxcar Children,Gertrude Chandler Warner,Aimee Lilly,1924,Mystery,3,7,10,2.5,The Boxcar Children,1,"Four orphaned siblings make a home in an abandoned boxcar and solve a mystery about their grandfather.",
The Invention of Hugo Cabret,Brian Selznick,Jeff Woodman,2007,Mystery,4,9,12,4,,,"An orphan in a Paris train station tends the clocks and tries to fix a broken automaton leading to a stunning secret.",
Tales of a Fourth Grade Nothing,Judy Blume,John Lavelle,1972,Humor,4,7,10,2.5,Fudge,1,"Peter's little brother Fudge is a walking disaster who eats his pet turtle and ruins everything.",
Diary of a Wimpy Kid,Jeff Kinney,Ramon De Ocampo,2007,Humor,5,8,12,2,Diary of a Wimpy Kid,1,"Greg Heffley's diary of surviving middle school — avoiding bullies and trying not to be the least popular kid.",
Captain Underpants: The Adventures of Captain Underpants,Dav Pilkey,Len Forgione,1997,Humor,5,7,10,1,Captain Underpants,1,"George and Harold hypnotize their principal into thinking he's a superhero in his underwear.",
Big Nate: In a Class by Himself,Lincoln Peirce,Fred Berman,2010,Humor,4,8,11,2,Big Nate,1,"Nate gets a fortune saying today will be the best day of his life — everything goes spectacularly wrong.",
The Strange Case of Origami Yoda,Tom Angleberger,Mark Turetsky,2010,Humor,4,8,12,2,Origami Yoda,1,"An origami Yoda finger puppet made by the weird kid starts giving eerily accurate advice.",
Sideways Stories from Wayside School,Louis Sachar,Louis Sachar,1978,Humor,4,7,10,2,Wayside School,1,"A school built thirty stories high one classroom per floor — every floor has its own kind of crazy.",
How to Train Your Dragon,Cressida Cowell,David Tennant,2003,Humor,5,8,12,3.5,How to Train Your Dragon,1,"Scrawny Viking Hiccup must train a dragon but catches the smallest most useless one ever.",
The 13-Story Treehouse,Andy Griffiths,Stig Wemyss,2011,Humor,4,7,10,2,Treehouse,1,"Andy and Terry live in a treehouse with a bowling alley and shark tank — and they have a book due.",
Timmy Failure: Mistakes Were Made,Stephan Pastis,Jared Goldsmith,2013,Humor,4,8,11,3,Timmy Failure,1,"Timmy runs the best detective agency in town — or so he believes. His partner is a polar bear.",
Pippi Longstocking,Astrid Lindgren,Cristin Milioti,1945,Humor,4,7,10,3,,,"The strongest girl in the world lives alone with a horse and a monkey and does exactly as she pleases.",
Mr. Popper's Penguins,Richard Atwater,Jim Dale,1938,Humor,3,7,10,2,,,"A house painter receives a penguin from Antarctica and soon has twelve — wrecking his house.",
The Terrible Two,Mac Barnett,Adam Verner,2015,Humor,4,8,11,3,The Terrible Two,1,"Miles moves to a cow-obsessed town and meets Niles — together they become legendary pranksters.",
Skunk and Badger,Amy Timberlake,Kimberly Farr,2020,Humor,3,7,10,2,Skunk and Badger,1,"Badger's quiet life studying rocks is disrupted when his cheerful cousin Skunk moves in — with chickens.",
Flora & Ulysses,Kate DiCamillo,Dana Ivey,2013,Humor,4,8,11,3,,,"Flora rescues a squirrel from a vacuum cleaner and discovers he now has superpowers including typing poetry.",
My Life as a Book,Janet Tashjian,Jake Goldberg,2010,Humor,4,8,11,3.5,My Life As,1,"Derek hates reading but gets drawn into a real mystery involving a decades-old drowning at summer camp.",
Ungifted,Gordon Korman,Jonathan Todd Ross,2012,Humor,4,9,12,6,,,"Donovan gets sent to a school for geniuses by accident and somehow keeps getting away with it.",
Dork Diaries: Tales from a Not-So-Fabulous Life,Rachel Renee Russell,Jenni Barber,2009,Humor,4,8,12,3.5,Dork Diaries,1,"Nikki's diary chronicles her life as an art scholarship kid surrounded by designer-clad mean girls.",
Stink: The Incredible Shrinking Kid,Megan McDonald,Jason Harris,2005,Humor,3,6,9,1.5,Stink,1,"Stink is the shortest kid in second grade and convinced he's shrinking.",
Judy Moody Was in a Mood,Megan McDonald,Barbara Rosenblat,2000,Humor,3,7,10,2,Judy Moody,1,"Judy starts third grade in a terrible mood until a class project about herself turns things around.",
Junie B. Jones and the Stupid Smelly Bus,Barbara Park,Lana Quintal,1992,Humor,4,6,8,1,Junie B. Jones,1,"Junie B. narrates her hilarious misadventures on the first day of kindergarten.",
Mrs. Piggle-Wiggle,Betty MacDonald,Karen White,1947,Humor,3,6,9,3,Mrs. Piggle-Wiggle,1,"Mrs. Piggle-Wiggle has magical cures for children's bad habits.",
A Wrinkle in Time,Madeleine L'Engle,Hope Davis,1962,Sci-Fi,4,9,12,6,Time Quintet,1,"Meg travels through space and time to rescue her father from a dark force threatening the universe.",
The Giver,Lois Lowry,Ron Rifkin,1993,Sci-Fi,4,10,12,4.5,The Giver Quartet,1,"In a perfect community Jonas inherits the position of Receiver of Memory and discovers the terrible truth.",
When You Reach Me,Rebecca Stead,Cynthia Holloway,2009,Sci-Fi,4,9,12,5,,,"Miranda receives mysterious notes predicting the future and must figure out who's sending them.",
The Search for WondLa,Tony DiTerlizzi,Jenna Lamia,2010,Sci-Fi,4,9,12,8,WondLa,1,"Eva Nine has lived underground her whole life. When she escapes to the surface nothing is what she expected.",
Among the Hidden,Margaret Peterson Haddix,Steven Boyer,1998,Sci-Fi,4,9,12,4.5,Shadow Children,1,"In a future with a two-child limit Luke is an illegal third child who has spent his life in hiding.",
The House of the Scorpion,Nancy Farmer,Raul Esparza,2002,Sci-Fi,4,10,12,11,,,"Matt is a clone of a powerful drug lord and discovers what he was created for.",
The True Meaning of Smekday,Adam Rex,Bahni Turpin,2007,Sci-Fi,4,9,12,9,,,"When aliens invade Tip sets off on a road trip with a rogue alien named J.Lo to find her mother.",
The Last Kids on Earth,Max Brallier,Robbie Daymond,2015,Sci-Fi,5,8,12,3,The Last Kids on Earth,1,"Jack Sullivan barricades himself in a treehouse during a monster apocalypse with junk food and video games.",
A Boy Called Bat,Elana K. Arnold,Dion Graham,2017,Sci-Fi,3,7,10,2.5,Bat,1,"A boy on the autism spectrum desperately wants to keep the baby skunk his vet mother brings home.",
Zita the Spacegirl,Ben Hatke,Cassandra Morris,2010,Sci-Fi,4,7,10,1.5,,,"Zita's best friend is sucked through a portal to another planet and she jumps in after him.",
The Barren Grounds,David A. Robertson,Billy Flett,2020,Sci-Fi,4,9,12,7,The Misewa Saga,1,"Two foster kids discover a portal in their bedroom closet leading to a frozen world of talking animals.",
Interstellar Cinderella,Deborah Underwood,uncredited,2015,Sci-Fi,3,6,8,0.5,,,"A girl who loves fixing spaceships repairs the prince's broken ship at the ball.",
Navigator,RJ Barker,uncredited,2023,Adventure,4,9,12,9,,,"A boy and a witch sail across a magical sea dodging monsters and unraveling an ancient mystery.",
The Ranger's Apprentice: The Ruins of Gorlan,John Flanagan,John Keating,2004,Adventure,5,10,12,8,Ranger's Apprentice,1,"Will is apprenticed to the mysterious Ranger Halt and trained in stealth tracking and combat.",
White Fang,Jack London,Peter Husmann,1906,Adventure,4,10,12,5.5,,,"A wolf-dog hybrid survives the wild of the Yukon and slowly learns to trust a kind human master.",
The Indian in the Cupboard,Lynne Reid Banks,Lynne Reid Banks,1980,Adventure,4,8,12,5,The Indian in the Cupboard,1,"A boy puts a toy figure in a magic cupboard and it comes to life — a tiny real Iroquois man from 1761.",
The Adventures of Tom Sawyer,Mark Twain,Nick Offerman,1876,Adventure,4,9,12,7,,,"Tom Sawyer's mischief along the Mississippi includes witnessing a murder running away and attending his own funeral.",
Flush,Carl Hiaasen,Tamara Marston,2005,Adventure,4,9,12,6,,,"Noah's dad sinks a casino boat to expose its illegal dumping — now Noah has to prove his dad was right.",
Hoot,Carl Hiaasen,Chad Lowe,2002,Adventure,4,9,12,5,,,"Roy teams up with a mysterious barefoot boy to save tiny burrowing owls from a pancake-house construction project.",
Swindle,Gordon Korman,Nick Podehl,2008,Adventure,5,9,12,5,Swindle,1,"Griffin's valuable baseball card is stolen by a crooked dealer. He assembles a team of specialists for a heist.",
The Wild Book,Margarita Engle,Alma Martinez,2012,Adventure,3,8,11,2,,,"A girl with dyslexia in 1920s Cuba finds freedom in the wild book — a notebook she fills with her own words.",
Shipwreck at the Bottom of the World,Jennifer Armstrong,Taylor Mali,1998,Adventure,4,10,12,4,,,"The true story of Shackleton's Antarctic expedition — trapped in ice for months the crew must survive.",
The Sign of the Beaver,Elizabeth George Speare,Avi Roque,1983,Adventure,3,9,12,4,,,"Left alone in the Maine wilderness a boy is helped by a Penobscot boy and learns to survive.",
Mr. Tucket,Gary Paulsen,Jeff Woodman,1994,Adventure,4,9,12,4,Tucket Adventures,1,"Fourteen-year-old Francis is kidnapped by Pawnees on the Oregon Trail and rescued by a mountain man.",
The River,Gary Paulsen,Peter Coyote,1991,Adventure,4,9,12,4,Brian's Saga,2,"Brian returns to the Canadian wilderness with a government psychologist — and must survive again when things go wrong.",
Rascal,Sterling North,uncredited,1963,Animal Stories,3,8,12,4,,,"A boy raises a mischievous pet raccoon through a memorable year in rural Wisconsin.",
The One and Only Bob,Katherine Applegate,Danny DeVito,2020,Animal Stories,4,8,11,3.5,,,"Bob the dog must find courage during a devastating storm to save his best friend Ivan.",
A Dog's Way Home,W. Bruce Cameron,Ann Osmond,2017,Animal Stories,3,8,12,9,,,"Bella the dog is separated from her owner and travels 400 miles through the Colorado wilderness to get home.",
Crenshaw,Katherine Applegate,Kirby Heyborne,2015,Realistic Fiction,3,8,11,3,,,"Jackson's family is about to become homeless again and his imaginary friend — a cat named Crenshaw — reappears.",
New Kid,Jerry Craft,uncredited,2019,Realistic Fiction,4,9,12,3,,,"Jordan is one of the few kids of color at a prestigious private school and must navigate two worlds.",
Amal Unbound,Aisha Saeed,Priya Ayyar,2018,Realistic Fiction,4,9,12,5,,,"A Pakistani girl is forced into indentured servitude for a corrupt landlord and must find a way to fight back.",
Other Words for Home,Jasmine Warga,Lana Cascone,2019,Realistic Fiction,3,9,12,3,,,"Jude and her mother flee Syria to America where she must build a new life — told in verse.",
Prairie Lotus,Linda Sue Park,Traci Kato-Kiriyama,2020,Historical Fiction,3,9,12,6,,,"Hanna a half-Chinese girl in 1880s Dakota Territory fights for her place in a new town.",
Allies,Alan Gratz,uncredited,2019,Historical Fiction,5,9,12,7,,,"D-Day told from multiple perspectives — a soldier a paratrooper a spy a Resistance fighter.",
The Night Diary,Veera Hiranandani,Priya Ayyar,2018,Historical Fiction,3,9,12,5,,,"Half-Hindu half-Muslim Nisha writes to her dead mother as India is torn apart by Partition in 1947.",
Ghost Boys,Jewell Parker Rhodes,Miles Harvey,2018,Realistic Fiction,4,10,12,3,,,"After a twelve-year-old Black boy is shot by police his ghost watches the aftermath alongside Emmett Till.",
